,,PressureMeas_1m,,TAStat155_1m_1,,RHStat155_1m_1,,SRMeasQMS101R_1m,,PRMeasQMR101_1,,QFE_1m,,QNH_1m,,WS_1m,,WD_1m,,TGMeasQMT103_1m,
time,status,Avg,status,Avg,status,Avg,status,Avg,status,PR,status,QF,status,QNH,status,Avg,status,Avg,status,Avg,
2/6/25 12:00:07 AM,VALID,1008.206,VALID,24.297,VALID,94.981,VALID,51.649,VALID,0.0,VALID,1008.206,VALID,1008.062,VALID,1.67,VALID,311.773,INVALID,0.0,
2/6/25 12:01:06 AM,VALID,1008.227,VALID,24.299,VALID,94.936,VALID,53.108,VALID,0.0,VALID,1008.227,VALID,1008.083,VALID,1.831,VALID,326.312,INVALID,0.0,
2/6/25 12:02:06 AM,VALID,1008.227,VALID,24.325,VALID,94.932,VALID,54.529,VALID,0.0,VALID,1008.227,VALID,1008.084,VALID,0.834,VALID,284.182,INVALID,0.0,
2/6/25 12:03:07 AM,VALID,1008.224,VALID,24.341,VALID,94.963,VALID,55.793,VALID,0.0,VALID,1008.224,VALID,1008.081,VALID,1.248,VALID,320.443,INVALID,0.0,
2/6/25 12:04:06 AM,VALID,1008.233,VALID,24.325,VALID,94.843,VALID,56.984,VALID,0.0,VALID,1008.233,VALID,1008.09,VALID,1.986,VALID,319.78,INVALID,0.0,
2/6/25 12:05:06 AM,VALID,1008.248,VALID,24.314,VALID,94.774,VALID,58.005,VALID,0.0,VALID,1008.248,VALID,1008.105,VALID,2.139,VALID,311.95,INVALID,0.0,
2/6/25 12:06:07 AM,VALID,1008.257,VALID,24.301,VALID,94.607,VALID,58.911,VALID,0.0,VALID,1008.257,VALID,1008.113,VALID,1.733,VALID,312.017,INVALID,0.0,
2/6/25 12:07:06 AM,VALID,1008.278,VALID,24.358,VALID,94.676,VALID,59.742,VALID,0.0,VALID,1008.278,VALID,1008.135,VALID,1.636,VALID,309.653,INVALID,0.0,
2/6/25 12:08:06 AM,VALID,1008.272,VALID,24.361,VALID,94.574,VALID,61.036,VALID,0.0,VALID,1008.272,VALID,1008.129,VALID,1.371,VALID,293.659,INVALID,0.0,
2/6/25 12:09:07 AM,VALID,1008.271,VALID,24.399,VALID,94.67,VALID,62.545,VALID,0.0,VALID,1008.271,VALID,1008.127,VALID,1.043,VALID,314.699,INVALID,0.0,
2/6/25 12:10:06 AM,VALID,1008.286,VALID,24.389,VALID,94.603,VALID,64.199,VALID,0.0,VALID,1008.286,VALID,1008.143,VALID,2.07,VALID,313.036,INVALID,0.0,
2/6/25 12:11:06 AM,VALID,1008.302,VALID,24.383,VALID,94.542,VALID,66.227,VALID,0.0,VALID,1008.302,VALID,1008.159,VALID,1.347,VALID,329.128,INVALID,0.0,
2/6/25 12:12:07 AM,VALID,1008.335,VALID,24.385,VALID,94.462,VALID,67.924,VALID,0.0,VALID,1008.335,VALID,1008.191,VALID,1.489,VALID,322.342,INVALID,0.0,
2/6/25 12:13:06 AM,VALID,1008.337,VALID,24.383,VALID,94.403,VALID,70.029,VALID,0.0,VALID,1008.337,VALID,1008.193,VALID,2.168,VALID,322.637,INVALID,0.0,
2/6/25 12:14:07 AM,VALID,1008.347,VALID,24.41,VALID,94.41,VALID,72.667,VALID,0.0,VALID,1008.347,VALID,1008.204,VALID,1.398,VALID,294.19,INVALID,0.0,
2/6/25 12:15:07 AM,VALID,1008.356,VALID,24.424,VALID,94.421,VALID,75.412,VALID,0.0,VALID,1008.356,VALID,1008.212,VALID,1.184,VALID,313.14,INVALID,0.0,
2/6/25 12:16:07 AM,VALID,1008.345,VALID,24.453,VALID,94.459,VALID,79.382,VALID,0.0,VALID,1008.345,VALID,1008.201,VALID,1.063,VALID,321.71,INVALID,0.0,
2/6/25 12:17:07 AM,VALID,1008.359,VALID,24.452,VALID,94.426,VALID,82.199,VALID,0.0,VALID,1008.359,VALID,1008.215,VALID,1.888,VALID,321.905,INVALID,0.0,
2/6/25 12:18:07 AM,VALID,1008.378,VALID,24.422,VALID,94.141,VALID,86.095,VALID,0.0,VALID,1008.378,VALID,1008.234,VALID,1.199,VALID,312.292,INVALID,0.0,
2/6/25 12:19:07 AM,VALID,1008.392,VALID,24.465,VALID,94.146,VALID,91.588,VALID,0.0,VALID,1008.392,VALID,1008.248,VALID,1.563,VALID,305.793,INVALID,0.0,
2/6/25 12:20:07 AM,VALID,1008.398,VALID,24.464,VALID,94.107,VALID,97.522,VALID,0.0,VALID,1008.398,VALID,1008.254,VALID,2.036,VALID,309.463,INVALID,0.0,
2/6/25 12:21:07 AM,VALID,1008.409,VALID,24.467,VALID,93.986,VALID,101.945,VALID,0.0,VALID,1008.409,VALID,1008.266,VALID,1.919,VALID,314.144,INVALID,0.0,
2/6/25 12:22:07 AM,VALID,1008.429,VALID,24.519,VALID,94.116,VALID,106.932,VALID,0.0,VALID,1008.429,VALID,1008.285,VALID,1.663,VALID,305.977,INVALID,0.0,
2/6/25 12:23:07 AM,VALID,1008.433,VALID,24.557,VALID,94.09,VALID,110.251,VALID,0.0,VALID,1008.433,VALID,1008.29,VALID,1.445,VALID,317.331,INVALID,0.0,
2/6/25 12:24:07 AM,VALID,1008.441,VALID,24.58,VALID,94.117,VALID,110.6,VALID,0.0,VALID,1008.441,VALID,1008.297,VALID,1.631,VALID,309.3,INVALID,0.0,
2/6/25 12:25:07 AM,VALID,1008.439,VALID,24.598,VALID,94.086,VALID,110.398,VALID,0.0,VALID,1008.439,VALID,1008.295,VALID,1.213,VALID,317.608,INVALID,0.0,
2/6/25 12:26:07 AM,VALID,1008.427,VALID,24.599,VALID,93.985,VALID,113.955,VALID,0.0,VALID,1008.427,VALID,1008.283,VALID,1.424,VALID,327.488,INVALID,0.0,
2/6/25 12:27:07 AM,VALID,1008.419,VALID,24.62,VALID,93.901,VALID,120.214,VALID,0.0,VALID,1008.419,VALID,1008.275,VALID,1.641,VALID,304.156,INVALID,0.0,
2/6/25 12:28:07 AM,VALID,1008.419,VALID,24.622,VALID,93.688,VALID,128.146,VALID,0.0,VALID,1008.419,VALID,1008.276,VALID,2.209,VALID,313.269,INVALID,0.0,
2/6/25 12:29:07 AM,VALID,1008.443,VALID,24.64,VALID,93.525,VALID,136.184,VALID,0.0,VALID,1008.443,VALID,1008.3,VALID,2.548,VALID,321.794,INVALID,0.0,
2/6/25 12:30:07 AM,VALID,1008.464,VALID,24.68,VALID,93.243,VALID,158.146,VALID,0.0,VALID,1008.464,VALID,1008.32,VALID,1.938,VALID,304.825,INVALID,0.0,
2/6/25 12:31:07 AM,VALID,1008.479,VALID,24.742,VALID,93.249,VALID,172.381,VALID,0.0,VALID,1008.479,VALID,1008.336,VALID,1.602,VALID,308.072,INVALID,0.0,
2/6/25 12:32:07 AM,VALID,1008.487,VALID,24.785,VALID,93.341,VALID,185.068,VALID,0.0,VALID,1008.487,VALID,1008.343,VALID,1.74,VALID,302.264,INVALID,0.0,
2/6/25 12:33:07 AM,VALID,1008.504,VALID,24.807,VALID,93.104,VALID,199.262,VALID,0.0,VALID,1008.504,VALID,1008.36,VALID,1.479,VALID,312.851,INVALID,0.0,
2/6/25 12:34:07 AM,VALID,1008.527,VALID,24.834,VALID,92.873,VALID,208.765,VALID,0.0,VALID,1008.527,VALID,1008.383,VALID,2.095,VALID,307.696,INVALID,0.0,
2/6/25 12:35:07 AM,VALID,1008.551,VALID,24.874,VALID,92.708,VALID,220.791,VALID,0.0,VALID,1008.551,VALID,1008.407,VALID,2.654,VALID,312.329,INVALID,0.0,
2/6/25 12:36:07 AM,VALID,1008.561,VALID,24.881,VALID,92.211,VALID,229.098,VALID,0.0,VALID,1008.561,VALID,1008.418,VALID,1.804,VALID,316.377,INVALID,0.0,
2/6/25 12:37:07 AM,VALID,1008.541,VALID,24.902,VALID,91.938,VALID,237.644,VALID,0.0,VALID,1008.541,VALID,1008.397,VALID,1.958,VALID,331.322,INVALID,0.0,
2/6/25 12:38:07 AM,VALID,1008.52,VALID,24.952,VALID,91.539,VALID,239.576,VALID,0.0,VALID,1008.52,VALID,1008.377,VALID,1.845,VALID,311.919,INVALID,0.0,
2/6/25 12:39:07 AM,VALID,1008.499,VALID,25.089,VALID,92.149,VALID,228.011,VALID,0.0,VALID,1008.499,VALID,1008.355,VALID,1.263,VALID,313.23,INVALID,0.0,
2/6/25 12:40:07 AM,VALID,1008.462,VALID,25.11,VALID,92.091,VALID,227.489,VALID,0.0,VALID,1008.462,VALID,1008.318,VALID,1.898,VALID,324.306,INVALID,0.0,
2/6/25 12:41:07 AM,VALID,1008.42,VALID,25.111,VALID,91.608,VALID,227.815,VALID,0.0,VALID,1008.42,VALID,1008.276,VALID,2.495,VALID,305.135,INVALID,0.0,
2/6/25 12:42:07 AM,VALID,1008.415,VALID,25.089,VALID,90.871,VALID,231.849,VALID,0.0,VALID,1008.415,VALID,1008.271,VALID,1.872,VALID,310.842,INVALID,0.0,
2/6/25 12:43:07 AM,VALID,1008.403,VALID,25.133,VALID,91.136,VALID,237.161,VALID,0.0,VALID,1008.403,VALID,1008.259,VALID,1.427,VALID,313.079,INVALID,0.0,
2/6/25 12:44:07 AM,VALID,1008.431,VALID,25.152,VALID,91.049,VALID,239.851,VALID,0.0,VALID,1008.431,VALID,1008.287,VALID,1.364,VALID,270.915,INVALID,0.0,
2/6/25 12:45:07 AM,VALID,1008.432,VALID,25.19,VALID,90.961,VALID,260.564,VALID,0.0,VALID,1008.432,VALID,1008.288,VALID,1.965,VALID,311.987,INVALID,0.0,
2/6/25 12:46:07 AM,VALID,1008.426,VALID,25.29,VALID,91.392,VALID,270.596,VALID,0.0,VALID,1008.426,VALID,1008.283,VALID,1.276,VALID,332.376,INVALID,0.0,
2/6/25 12:47:07 AM,VALID,1008.415,VALID,25.272,VALID,90.773,VALID,277.182,VALID,0.0,VALID,1008.415,VALID,1008.272,VALID,1.528,VALID,326.284,INVALID,0.0,
2/6/25 12:48:07 AM,VALID,1008.445,VALID,25.309,VALID,90.724,VALID,250.645,VALID,0.0,VALID,1008.445,VALID,1008.301,VALID,1.738,VALID,314.265,INVALID,0.0,
2/6/25 12:49:07 AM,VALID,1008.469,VALID,25.28,VALID,89.929,VALID,298.927,VALID,0.0,VALID,1008.469,VALID,1008.326,VALID,2.526,VALID,307.781,INVALID,0.0,
2/6/25 12:50:07 AM,VALID,1008.492,VALID,25.27,VALID,89.776,VALID,298.486,VALID,0.0,VALID,1008.492,VALID,1008.348,VALID,1.978,VALID,311.1,INVALID,0.0,
2/6/25 12:51:07 AM,VALID,1008.511,VALID,25.294,VALID,90.135,VALID,273.498,VALID,0.0,VALID,1008.511,VALID,1008.367,VALID,2.218,VALID,309.681,INVALID,0.0,
2/6/25 12:52:07 AM,VALID,1008.532,VALID,25.298,VALID,90.149,VALID,241.549,VALID,0.0,VALID,1008.532,VALID,1008.389,VALID,2.416,VALID,319.915,INVALID,0.0,
2/6/25 12:53:07 AM,VALID,1008.565,VALID,25.327,VALID,90.275,VALID,225.306,VALID,0.0,VALID,1008.565,VALID,1008.421,VALID,1.687,VALID,322.928,INVALID,0.0,
2/6/25 12:54:07 AM,VALID,1008.609,VALID,25.396,VALID,90.402,VALID,211.456,VALID,0.0,VALID,1008.609,VALID,1008.465,VALID,1.953,VALID,317.222,INVALID,0.0,
2/6/25 12:55:07 AM,VALID,1008.637,VALID,25.372,VALID,89.567,VALID,257.765,VALID,0.0,VALID,1008.637,VALID,1008.493,VALID,1.974,VALID,316.75,INVALID,0.0,
2/6/25 12:56:07 AM,VALID,1008.639,VALID,25.416,VALID,89.852,VALID,204.497,VALID,0.0,VALID,1008.639,VALID,1008.496,VALID,1.493,VALID,314.11,INVALID,0.0,
2/6/25 12:57:07 AM,VALID,1008.644,VALID,25.486,VALID,90.491,VALID,170.692,VALID,0.0,VALID,1008.644,VALID,1008.5,VALID,1.719,VALID,310.582,INVALID,0.0,
2/6/25 12:58:07 AM,VALID,1008.649,VALID,25.43,VALID,89.863,VALID,167.48,VALID,0.0,VALID,1008.649,VALID,1008.505,VALID,1.76,VALID,317.358,INVALID,0.0,
2/6/25 12:59:07 AM,VALID,1008.67,VALID,25.401,VALID,89.674,VALID,168.926,VALID,0.0,VALID,1008.67,VALID,1008.526,VALID,2.454,VALID,303.208,INVALID,0.0,
2/6/25 1:00:07 AM,VALID,1008.683,VALID,25.374,VALID,89.848,VALID,171.947,VALID,0.0,VALID,1008.683,VALID,1008.539,VALID,2.292,VALID,300.171,INVALID,0.0,
2/6/25 1:01:07 AM,VALID,1008.696,VALID,25.335,VALID,89.717,VALID,174.211,VALID,0.0,VALID,1008.696,VALID,1008.552,VALID,2.711,VALID,309.53,INVALID,0.0,
2/6/25 1:02:07 AM,VALID,1008.681,VALID,25.28,VALID,89.223,VALID,184.12,VALID,0.0,VALID,1008.681,VALID,1008.538,VALID,2.758,VALID,312.168,INVALID,0.0,
2/6/25 1:03:07 AM,VALID,1008.698,VALID,25.28,VALID,89.16,VALID,199.117,VALID,0.0,VALID,1008.698,VALID,1008.554,VALID,2.455,VALID,311.798,INVALID,0.0,
2/6/25 1:04:07 AM,VALID,1008.728,VALID,25.303,VALID,89.583,VALID,235.423,VALID,0.0,VALID,1008.728,VALID,1008.584,VALID,2.679,VALID,312.874,INVALID,0.0,
2/6/25 1:05:07 AM,VALID,1008.736,VALID,25.315,VALID,89.659,VALID,261.322,VALID,0.0,VALID,1008.736,VALID,1008.592,VALID,2.892,VALID,314.559,INVALID,0.0,
2/6/25 1:06:07 AM,VALID,1008.741,VALID,25.357,VALID,89.715,VALID,248.959,VALID,0.0,VALID,1008.741,VALID,1008.597,VALID,2.331,VALID,308.493,INVALID,0.0,
2/6/25 1:07:07 AM,VALID,1008.733,VALID,25.359,VALID,89.156,VALID,291.503,VALID,0.0,VALID,1008.733,VALID,1008.59,VALID,2.605,VALID,309.908,INVALID,0.0,
2/6/25 1:08:07 AM,VALID,1008.726,VALID,25.419,VALID,89.289,VALID,411.679,VALID,0.0,VALID,1008.726,VALID,1008.582,VALID,2.546,VALID,300.243,INVALID,0.0,
2/6/25 1:09:07 AM,VALID,1008.726,VALID,25.535,VALID,89.343,VALID,393.765,VALID,0.0,VALID,1008.726,VALID,1008.582,VALID,2.493,VALID,297.804,INVALID,0.0,
2/6/25 1:10:07 AM,VALID,1008.744,VALID,25.63,VALID,89.4,VALID,338.232,VALID,0.0,VALID,1008.744,VALID,1008.601,VALID,3.389,VALID,295.475,INVALID,0.0,
2/6/25 1:11:07 AM,VALID,1008.755,VALID,25.676,VALID,88.635,VALID,381.833,VALID,0.0,VALID,1008.755,VALID,1008.612,VALID,2.629,VALID,312.458,INVALID,0.0,
2/6/25 1:12:07 AM,VALID,1008.763,VALID,25.724,VALID,88.011,VALID,458.99,VALID,0.0,VALID,1008.763,VALID,1008.619,VALID,2.265,VALID,292.304,INVALID,0.0,
2/6/25 1:13:07 AM,VALID,1008.799,VALID,25.918,VALID,89.274,VALID,428.307,VALID,0.0,VALID,1008.799,VALID,1008.655,VALID,2.661,VALID,298.22,INVALID,0.0,
2/6/25 1:14:06 AM,VALID,1008.837,VALID,25.96,VALID,88.101,VALID,301.653,VALID,0.0,VALID,1008.837,VALID,1008.694,VALID,2.567,VALID,301.285,INVALID,0.0,
2/6/25 1:15:06 AM,VALID,1008.845,VALID,25.938,VALID,87.213,VALID,330.509,VALID,0.0,VALID,1008.845,VALID,1008.702,VALID,3.701,VALID,299.318,INVALID,0.0,
2/6/25 1:16:06 AM,VALID,1008.847,VALID,25.89,VALID,86.581,VALID,434.42,VALID,0.0,VALID,1008.847,VALID,1008.704,VALID,3.353,VALID,298.22,INVALID,0.0,
2/6/25 1:17:06 AM,VALID,1008.858,VALID,25.922,VALID,87.407,VALID,252.743,VALID,0.0,VALID,1008.858,VALID,1008.715,VALID,3.484,VALID,300.258,INVALID,0.0,
2/6/25 1:18:06 AM,VALID,1008.852,VALID,25.923,VALID,87.101,VALID,202.181,VALID,0.0,VALID,1008.852,VALID,1008.708,VALID,3.063,VALID,310.226,INVALID,0.0,
2/6/25 1:19:06 AM,VALID,1008.844,VALID,25.867,VALID,86.659,VALID,209.217,VALID,0.0,VALID,1008.844,VALID,1008.7,VALID,2.85,VALID,318.684,INVALID,0.0,
2/6/25 1:20:06 AM,VALID,1008.843,VALID,25.862,VALID,86.655,VALID,236.676,VALID,0.0,VALID,1008.843,VALID,1008.699,VALID,2.676,VALID,314.919,INVALID,0.0,
2/6/25 1:21:06 AM,VALID,1008.875,VALID,25.865,VALID,86.982,VALID,173.766,VALID,0.0,VALID,1008.875,VALID,1008.732,VALID,2.087,VALID,312.4,INVALID,0.0,
2/6/25 1:22:06 AM,VALID,1008.914,VALID,25.877,VALID,87.378,VALID,127.506,VALID,0.0,VALID,1008.914,VALID,1008.77,VALID,2.343,VALID,309.012,INVALID,0.0,
2/6/25 1:23:06 AM,VALID,1008.932,VALID,25.859,VALID,87.335,VALID,188.804,VALID,0.0,VALID,1008.932,VALID,1008.788,VALID,2.813,VALID,309.226,INVALID,0.0,
2/6/25 1:24:06 AM,VALID,1008.95,VALID,25.835,VALID,87.19,VALID,224.971,VALID,0.0,VALID,1008.95,VALID,1008.806,VALID,2.265,VALID,310.793,INVALID,0.0,
2/6/25 1:25:06 AM,VALID,1008.964,VALID,25.811,VALID,87.247,VALID,243.523,VALID,0.0,VALID,1008.964,VALID,1008.82,VALID,2.862,VALID,318.699,INVALID,0.0,
2/6/25 1:26:06 AM,VALID,1008.981,VALID,25.799,VALID,86.97,VALID,232.077,VALID,0.0,VALID,1008.981,VALID,1008.837,VALID,3.231,VALID,313.654,INVALID,0.0,
2/6/25 1:27:06 AM,VALID,1008.989,VALID,25.783,VALID,86.974,VALID,236.738,VALID,0.0,VALID,1008.989,VALID,1008.845,VALID,4.001,VALID,308.653,INVALID,0.0,
2/6/25 1:28:06 AM,VALID,1008.999,VALID,25.725,VALID,86.602,VALID,246.325,VALID,0.0,VALID,1008.999,VALID,1008.855,VALID,3.526,VALID,305.92,INVALID,0.0,
2/6/25 1:29:06 AM,VALID,1009.001,VALID,25.771,VALID,87.438,VALID,234.1,VALID,0.0,VALID,1009.001,VALID,1008.857,VALID,2.234,VALID,300.51,INVALID,0.0,
2/6/25 1:30:06 AM,VALID,1009.014,VALID,25.867,VALID,88.337,VALID,238.65,VALID,0.0,VALID,1009.014,VALID,1008.87,VALID,3.896,VALID,294.146,INVALID,0.0,
2/6/25 1:31:06 AM,VALID,1008.991,VALID,25.784,VALID,86.491,VALID,218.036,VALID,0.0,VALID,1008.991,VALID,1008.847,VALID,4.573,VALID,287.696,INVALID,0.0,
2/6/25 1:32:06 AM,VALID,1008.997,VALID,25.787,VALID,87.272,VALID,195.987,VALID,0.0,VALID,1008.997,VALID,1008.853,VALID,3.242,VALID,298.767,INVALID,0.0,
2/6/25 1:33:06 AM,VALID,1009.016,VALID,25.81,VALID,88.02,VALID,169.315,VALID,0.0,VALID,1009.016,VALID,1008.872,VALID,2.952,VALID,300.632,INVALID,0.0,
2/6/25 1:34:06 AM,VALID,1009.024,VALID,25.819,VALID,87.641,VALID,184.144,VALID,0.0,VALID,1009.024,VALID,1008.88,VALID,4.096,VALID,293.144,INVALID,0.0,
2/6/25 1:35:06 AM,VALID,1009.018,VALID,25.799,VALID,86.988,VALID,227.145,VALID,0.0,VALID,1009.018,VALID,1008.875,VALID,3.047,VALID,307.867,INVALID,0.0,
2/6/25 1:36:06 AM,VALID,1009.022,VALID,25.788,VALID,86.936,VALID,250.366,VALID,0.0,VALID,1009.022,VALID,1008.879,VALID,2.661,VALID,296.773,INVALID,0.0,
2/6/25 1:37:06 AM,VALID,1009.007,VALID,25.821,VALID,86.718,VALID,281.008,VALID,0.0,VALID,1009.007,VALID,1008.864,VALID,2.975,VALID,310.665,INVALID,0.0,
2/6/25 1:38:06 AM,VALID,1009.028,VALID,25.875,VALID,86.651,VALID,341.82,VALID,0.0,VALID,1009.028,VALID,1008.884,VALID,3.195,VALID,310.658,INVALID,0.0,
2/6/25 1:39:06 AM,VALID,1009.033,VALID,25.955,VALID,86.322,VALID,474.906,VALID,0.0,VALID,1009.033,VALID,1008.89,VALID,2.506,VALID,309.15,INVALID,0.0,
2/6/25 1:40:06 AM,VALID,1009.065,VALID,26.076,VALID,86.639,VALID,430.778,VALID,0.0,VALID,1009.065,VALID,1008.921,VALID,1.891,VALID,308.608,INVALID,0.0,
2/6/25 1:41:06 AM,VALID,1009.064,VALID,26.178,VALID,85.925,VALID,392.194,VALID,0.0,VALID,1009.064,VALID,1008.92,VALID,2.646,VALID,308.677,INVALID,0.0,
2/6/25 1:42:06 AM,VALID,1009.085,VALID,26.384,VALID,87.322,VALID,440.874,VALID,0.0,VALID,1009.085,VALID,1008.941,VALID,1.985,VALID,292.142,INVALID,0.0,
2/6/25 1:43:06 AM,VALID,1009.097,VALID,26.515,VALID,86.478,VALID,511.242,VALID,0.0,VALID,1009.097,VALID,1008.953,VALID,2.459,VALID,296.502,INVALID,0.0,
2/6/25 1:44:06 AM,VALID,1009.112,VALID,26.625,VALID,85.921,VALID,390.501,VALID,0.0,VALID,1009.112,VALID,1008.968,VALID,3.031,VALID,294.677,INVALID,0.0,
2/6/25 1:45:06 AM,VALID,1009.09,VALID,26.674,VALID,85.504,VALID,323.337,VALID,0.0,VALID,1009.09,VALID,1008.946,VALID,2.241,VALID,288.848,INVALID,0.0,
2/6/25 1:46:06 AM,VALID,1009.08,VALID,26.63,VALID,84.972,VALID,268.396,VALID,0.0,VALID,1009.08,VALID,1008.936,VALID,2.169,VALID,277.05,INVALID,0.0,
2/6/25 1:47:06 AM,VALID,1009.105,VALID,26.584,VALID,85.014,VALID,204.21,VALID,0.0,VALID,1009.105,VALID,1008.961,VALID,2.579,VALID,277.56,INVALID,0.0,
2/6/25 1:48:06 AM,VALID,1009.154,VALID,26.572,VALID,85.795,VALID,207.053,VALID,0.0,VALID,1009.154,VALID,1009.011,VALID,3.193,VALID,300.758,INVALID,0.0,
2/6/25 1:49:06 AM,VALID,1009.191,VALID,26.528,VALID,84.605,VALID,214.403,VALID,0.0,VALID,1009.191,VALID,1009.047,VALID,4.353,VALID,308.182,INVALID,0.0,
2/6/25 1:50:06 AM,VALID,1009.2,VALID,26.45,VALID,84.544,VALID,202.838,VALID,0.0,VALID,1009.2,VALID,1009.056,VALID,3.382,VALID,296.209,INVALID,0.0,
2/6/25 1:51:06 AM,VALID,1009.216,VALID,26.401,VALID,84.928,VALID,192.995,VALID,0.0,VALID,1009.216,VALID,1009.073,VALID,3.528,VALID,287.099,INVALID,0.0,
2/6/25 1:52:06 AM,VALID,1009.222,VALID,26.331,VALID,84.563,VALID,156.853,VALID,0.0,VALID,1009.222,VALID,1009.078,VALID,3.534,VALID,293.567,INVALID,0.0,
2/6/25 1:53:06 AM,VALID,1009.281,VALID,26.284,VALID,85.139,VALID,162.776,VALID,0.0,VALID,1009.281,VALID,1009.138,VALID,3.384,VALID,298.598,INVALID,0.0,
2/6/25 1:54:06 AM,VALID,1009.29,VALID,26.275,VALID,85.371,VALID,214.217,VALID,0.0,VALID,1009.29,VALID,1009.147,VALID,3.658,VALID,288.379,INVALID,0.0,
2/6/25 1:55:06 AM,VALID,1009.297,VALID,26.305,VALID,86.529,VALID,233.587,VALID,0.0,VALID,1009.297,VALID,1009.154,VALID,3.137,VALID,286.582,INVALID,0.0,
2/6/25 1:56:06 AM,VALID,1009.293,VALID,26.342,VALID,86.579,VALID,249.855,VALID,0.0,VALID,1009.293,VALID,1009.149,VALID,3.804,VALID,288.603,INVALID,0.0,
2/6/25 1:57:06 AM,VALID,1009.32,VALID,26.348,VALID,86.182,VALID,214.542,VALID,0.0,VALID,1009.32,VALID,1009.176,VALID,2.673,VALID,299.73,INVALID,0.0,
2/6/25 1:58:06 AM,VALID,1009.321,VALID,26.388,VALID,86.035,VALID,211.913,VALID,0.0,VALID,1009.321,VALID,1009.177,VALID,2.731,VALID,289.841,INVALID,0.0,
2/6/25 1:59:06 AM,VALID,1009.334,VALID,26.436,VALID,86.739,VALID,238.077,VALID,0.0,VALID,1009.334,VALID,1009.19,VALID,2.124,VALID,304.415,INVALID,0.0,
2/6/25 2:00:06 AM,VALID,1009.336,VALID,26.452,VALID,85.759,VALID,332.181,VALID,0.0,VALID,1009.336,VALID,1009.193,VALID,2.506,VALID,312.605,INVALID,0.0,
2/6/25 2:01:06 AM,VALID,1009.32,VALID,26.464,VALID,84.167,VALID,527.017,VALID,0.0,VALID,1009.32,VALID,1009.177,VALID,2.456,VALID,306.448,INVALID,0.0,
2/6/25 2:02:06 AM,VALID,1009.341,VALID,26.534,VALID,84.711,VALID,422.47,VALID,0.0,VALID,1009.341,VALID,1009.197,VALID,2.04,VALID,301.843,INVALID,0.0,
2/6/25 2:03:06 AM,VALID,1009.376,VALID,26.711,VALID,86.398,VALID,340.321,VALID,0.0,VALID,1009.376,VALID,1009.232,VALID,3.425,VALID,292.422,INVALID,0.0,
2/6/25 2:04:06 AM,VALID,1009.376,VALID,26.735,VALID,84.916,VALID,317.494,VALID,0.0,VALID,1009.376,VALID,1009.232,VALID,3.489,VALID,286.718,INVALID,0.0,
2/6/25 2:05:06 AM,VALID,1009.38,VALID,26.663,VALID,84.42,VALID,273.4,VALID,0.0,VALID,1009.38,VALID,1009.237,VALID,3.15,VALID,300.72,INVALID,0.0,
2/6/25 2:06:06 AM,VALID,1009.393,VALID,26.528,VALID,83.272,VALID,229.934,VALID,0.0,VALID,1009.393,VALID,1009.25,VALID,2.848,VALID,300.896,INVALID,0.0,
2/6/25 2:07:06 AM,VALID,1009.434,VALID,26.508,VALID,84.774,VALID,245.94,VALID,0.0,VALID,1009.434,VALID,1009.291,VALID,2.888,VALID,294.28,INVALID,0.0,
2/6/25 2:08:06 AM,VALID,1009.449,VALID,26.501,VALID,85.185,VALID,322.967,VALID,0.0,VALID,1009.449,VALID,1009.305,VALID,4.175,VALID,283.637,INVALID,0.0,
2/6/25 2:09:06 AM,VALID,1009.467,VALID,26.459,VALID,84.824,VALID,388.217,VALID,0.0,VALID,1009.467,VALID,1009.323,VALID,4.276,VALID,285.825,INVALID,0.0,
2/6/25 2:10:06 AM,VALID,1009.484,VALID,26.431,VALID,84.476,VALID,395.722,VALID,0.0,VALID,1009.484,VALID,1009.341,VALID,3.846,VALID,291.448,INVALID,0.0,
2/6/25 2:11:06 AM,VALID,1009.52,VALID,26.476,VALID,84.72,VALID,417.985,VALID,0.0,VALID,1009.52,VALID,1009.376,VALID,3.15,VALID,296.225,INVALID,0.0,
2/6/25 2:12:06 AM,VALID,1009.528,VALID,26.553,VALID,85.106,VALID,305.563,VALID,0.0,VALID,1009.528,VALID,1009.384,VALID,3.236,VALID,290.373,INVALID,0.0,
2/6/25 2:13:06 AM,VALID,1009.555,VALID,26.621,VALID,85.027,VALID,369.455,VALID,0.0,VALID,1009.555,VALID,1009.411,VALID,2.237,VALID,295.953,INVALID,0.0,
2/6/25 2:14:06 AM,VALID,1009.55,VALID,26.747,VALID,86.008,VALID,319.751,VALID,0.0,VALID,1009.55,VALID,1009.406,VALID,2.993,VALID,287.824,INVALID,0.0,
2/6/25 2:15:06 AM,VALID,1009.563,VALID,26.761,VALID,84.171,VALID,414.782,VALID,0.0,VALID,1009.563,VALID,1009.419,VALID,2.841,VALID,288.815,INVALID,0.0,
2/6/25 2:16:06 AM,VALID,1009.581,VALID,26.822,VALID,84.67,VALID,497.065,VALID,0.0,VALID,1009.581,VALID,1009.437,VALID,2.662,VALID,295.621,INVALID,0.0,
2/6/25 2:17:06 AM,VALID,1009.584,VALID,26.868,VALID,84.005,VALID,450.859,VALID,0.0,VALID,1009.584,VALID,1009.441,VALID,2.505,VALID,296.358,INVALID,0.0,
2/6/25 2:18:06 AM,VALID,1009.597,VALID,26.935,VALID,83.906,VALID,322.363,VALID,0.0,VALID,1009.597,VALID,1009.453,VALID,3.159,VALID,298.897,INVALID,0.0,
2/6/25 2:19:06 AM,VALID,1009.614,VALID,26.909,VALID,83.033,VALID,260.142,VALID,0.0,VALID,1009.614,VALID,1009.471,VALID,2.577,VALID,291.696,INVALID,0.0,
2/6/25 2:20:06 AM,VALID,1009.62,VALID,26.927,VALID,84.198,VALID,257.379,VALID,0.0,VALID,1009.62,VALID,1009.476,VALID,3.43,VALID,291.241,INVALID,0.0,
2/6/25 2:21:06 AM,VALID,1009.625,VALID,26.912,VALID,83.414,VALID,243.097,VALID,0.0,VALID,1009.625,VALID,1009.481,VALID,3.42,VALID,301.609,INVALID,0.0,
2/6/25 2:22:06 AM,VALID,1009.627,VALID,26.783,VALID,82.35,VALID,244.555,VALID,0.0,VALID,1009.627,VALID,1009.483,VALID,3.216,VALID,300.49,INVALID,0.0,
2/6/25 2:23:06 AM,VALID,1009.646,VALID,26.741,VALID,83.524,VALID,292.237,VALID,0.0,VALID,1009.646,VALID,1009.502,VALID,3.173,VALID,301.474,INVALID,0.0,
2/6/25 2:24:06 AM,VALID,1009.651,VALID,26.767,VALID,83.062,VALID,310.611,VALID,0.0,VALID,1009.651,VALID,1009.508,VALID,3.176,VALID,310.289,INVALID,0.0,
2/6/25 2:25:06 AM,VALID,1009.637,VALID,26.756,VALID,82.329,VALID,278.741,VALID,0.0,VALID,1009.637,VALID,1009.493,VALID,3.821,VALID,300.525,INVALID,0.0,
2/6/25 2:26:06 AM,VALID,1009.635,VALID,26.717,VALID,82.785,VALID,280.472,VALID,0.0,VALID,1009.635,VALID,1009.491,VALID,3.207,VALID,300.393,INVALID,0.0,
2/6/25 2:27:06 AM,VALID,1009.634,VALID,26.674,VALID,82.377,VALID,336.707,VALID,0.0,VALID,1009.634,VALID,1009.491,VALID,3.271,VALID,314.004,INVALID,0.0,
2/6/25 2:28:06 AM,VALID,1009.63,VALID,26.705,VALID,83.482,VALID,275.222,VALID,0.0,VALID,1009.63,VALID,1009.486,VALID,3.309,VALID,307.782,INVALID,0.0,
2/6/25 2:29:06 AM,VALID,1009.636,VALID,26.716,VALID,82.631,VALID,341.65,VALID,0.0,VALID,1009.636,VALID,1009.492,VALID,3.069,VALID,306.036,INVALID,0.0,
2/6/25 2:30:06 AM,VALID,1009.646,VALID,26.759,VALID,83.057,VALID,476.131,VALID,0.0,VALID,1009.646,VALID,1009.502,VALID,2.219,VALID,310.741,INVALID,0.0,
2/6/25 2:31:06 AM,VALID,1009.652,VALID,26.903,VALID,83.831,VALID,432.368,VALID,0.0,VALID,1009.652,VALID,1009.508,VALID,2.404,VALID,304.143,INVALID,0.0,
2/6/25 2:32:06 AM,VALID,1009.628,VALID,27.026,VALID,82.949,VALID,481.64,VALID,0.0,VALID,1009.628,VALID,1009.484,VALID,3.103,VALID,307.178,INVALID,0.0,
2/6/25 2:33:06 AM,VALID,1009.604,VALID,27.064,VALID,82.082,VALID,345.298,VALID,0.0,VALID,1009.604,VALID,1009.46,VALID,3.403,VALID,298.911,INVALID,0.0,
2/6/25 2:34:06 AM,VALID,1009.592,VALID,27.126,VALID,83.364,VALID,287.64,VALID,0.0,VALID,1009.592,VALID,1009.449,VALID,3.15,VALID,289.032,INVALID,0.0,
2/6/25 2:35:06 AM,VALID,1009.561,VALID,27.118,VALID,82.148,VALID,309.813,VALID,0.0,VALID,1009.561,VALID,1009.417,VALID,3.319,VALID,293.6,INVALID,0.0,
2/6/25 2:36:06 AM,VALID,1009.549,VALID,27.092,VALID,82.11,VALID,587.046,VALID,0.0,VALID,1009.549,VALID,1009.406,VALID,2.691,VALID,299.577,INVALID,0.0,
2/6/25 2:37:06 AM,VALID,1009.538,VALID,27.108,VALID,81.381,VALID,670.664,VALID,0.0,VALID,1009.538,VALID,1009.395,VALID,3.124,VALID,305.216,INVALID,0.0,
2/6/25 2:38:06 AM,VALID,1009.524,VALID,27.161,VALID,81.479,VALID,407.418,VALID,0.0,VALID,1009.524,VALID,1009.38,VALID,2.708,VALID,320.736,INVALID,0.0,
2/6/25 2:39:06 AM,VALID,1009.515,VALID,27.187,VALID,80.683,VALID,584.854,VALID,0.0,VALID,1009.515,VALID,1009.372,VALID,1.427,VALID,318.606,INVALID,0.0,
2/6/25 2:40:06 AM,VALID,1009.485,VALID,27.403,VALID,82.318,VALID,826.434,VALID,0.0,VALID,1009.485,VALID,1009.341,VALID,2.108,VALID,297.623,INVALID,0.0,
2/6/25 2:41:06 AM,VALID,1009.483,VALID,27.632,VALID,80.824,VALID,876.231,VALID,0.0,VALID,1009.483,VALID,1009.339,VALID,3.334,VALID,309.468,INVALID,0.0,
2/6/25 2:42:06 AM,VALID,1009.47,VALID,27.629,VALID,79.919,VALID,508.994,VALID,0.0,VALID,1009.47,VALID,1009.326,VALID,4.047,VALID,313.432,INVALID,0.0,
2/6/25 2:43:06 AM,VALID,1009.484,VALID,27.531,VALID,79.179,VALID,429.705,VALID,0.0,VALID,1009.484,VALID,1009.341,VALID,3.486,VALID,310.32,INVALID,0.0,
2/6/25 2:44:06 AM,VALID,1009.483,VALID,27.512,VALID,78.991,VALID,477.094,VALID,0.0,VALID,1009.483,VALID,1009.339,VALID,3.996,VALID,304.538,INVALID,0.0,
2/6/25 2:45:06 AM,VALID,1009.483,VALID,27.468,VALID,78.861,VALID,762.466,VALID,0.0,VALID,1009.483,VALID,1009.339,VALID,4.839,VALID,312.808,INVALID,0.0,
2/6/25 2:46:06 AM,VALID,1009.474,VALID,27.395,VALID,78.378,VALID,405.5,VALID,0.0,VALID,1009.474,VALID,1009.33,VALID,4.051,VALID,315.938,INVALID,0.0,
2/6/25 2:47:06 AM,VALID,1009.481,VALID,27.361,VALID,79.974,VALID,166.907,VALID,0.0,VALID,1009.481,VALID,1009.338,VALID,5.446,VALID,292.044,INVALID,0.0,
2/6/25 2:48:06 AM,VALID,1009.483,VALID,27.201,VALID,81.167,VALID,150.837,VALID,0.0,VALID,1009.483,VALID,1009.339,VALID,4.944,VALID,286.475,INVALID,0.0,
2/6/25 2:49:06 AM,VALID,1009.47,VALID,27.013,VALID,81.876,VALID,125.097,VALID,0.0,VALID,1009.47,VALID,1009.326,VALID,4.429,VALID,286.307,INVALID,0.0,
2/6/25 2:50:06 AM,VALID,1009.445,VALID,26.871,VALID,81.939,VALID,107.278,VALID,0.0,VALID,1009.445,VALID,1009.302,VALID,4.927,VALID,290.18,INVALID,0.0,
2/6/25 2:51:06 AM,VALID,1009.451,VALID,26.758,VALID,81.763,VALID,118.888,VALID,0.0,VALID,1009.451,VALID,1009.308,VALID,3.645,VALID,298.272,INVALID,0.0,
2/6/25 2:52:06 AM,VALID,1009.454,VALID,26.727,VALID,81.979,VALID,157.819,VALID,0.0,VALID,1009.454,VALID,1009.31,VALID,4.383,VALID,287.719,INVALID,0.0,
2/6/25 2:53:06 AM,VALID,1009.432,VALID,26.701,VALID,82.28,VALID,190.555,VALID,0.0,VALID,1009.432,VALID,1009.288,VALID,4.467,VALID,293.1,INVALID,0.0,
2/6/25 2:54:06 AM,VALID,1009.442,VALID,26.746,VALID,82.953,VALID,328.902,VALID,0.0,VALID,1009.442,VALID,1009.298,VALID,3.24,VALID,300.373,INVALID,0.0,
2/6/25 2:55:06 AM,VALID,1009.442,VALID,26.838,VALID,81.956,VALID,700.738,VALID,0.0,VALID,1009.442,VALID,1009.299,VALID,3.921,VALID,296.001,INVALID,0.0,
2/6/25 2:56:06 AM,VALID,1009.437,VALID,27.064,VALID,82.818,VALID,761.959,VALID,0.0,VALID,1009.437,VALID,1009.294,VALID,2.155,VALID,307.238,INVALID,0.0,
2/6/25 2:57:06 AM,VALID,1009.428,VALID,27.388,VALID,82.261,VALID,780.774,VALID,0.0,VALID,1009.428,VALID,1009.284,VALID,3.24,VALID,292.68,INVALID,0.0,
2/6/25 2:58:06 AM,VALID,1009.415,VALID,27.75,VALID,81.948,VALID,595.597,VALID,0.0,VALID,1009.415,VALID,1009.271,VALID,4.05,VALID,290.071,INVALID,0.0,
2/6/25 2:59:06 AM,VALID,1009.407,VALID,27.774,VALID,78.909,VALID,790.804,VALID,0.0,VALID,1009.407,VALID,1009.264,VALID,4.087,VALID,295.516,INVALID,0.0,
2/6/25 3:00:06 AM,VALID,1009.393,VALID,27.792,VALID,78.306,VALID,803.514,VALID,0.0,VALID,1009.393,VALID,1009.249,VALID,3.672,VALID,306.284,INVALID,0.0,
2/6/25 3:01:06 AM,VALID,1009.369,VALID,27.77,VALID,77.969,VALID,781.753,VALID,0.0,VALID,1009.369,VALID,1009.225,VALID,4.583,VALID,297.983,INVALID,0.0,
2/6/25 3:02:06 AM,VALID,1009.333,VALID,27.817,VALID,78.02,VALID,498.216,VALID,0.0,VALID,1009.333,VALID,1009.19,VALID,5.125,VALID,301.152,INVALID,0.0,
2/6/25 3:03:06 AM,VALID,1009.302,VALID,27.758,VALID,77.192,VALID,733.897,VALID,0.0,VALID,1009.302,VALID,1009.158,VALID,4.741,VALID,298.474,INVALID,0.0,
2/6/25 3:04:06 AM,VALID,1009.315,VALID,27.844,VALID,78.548,VALID,489.756,VALID,0.0,VALID,1009.315,VALID,1009.171,VALID,3.556,VALID,301.959,INVALID,0.0,
2/6/25 3:05:06 AM,VALID,1009.265,VALID,27.979,VALID,77.827,VALID,836.822,VALID,0.0,VALID,1009.265,VALID,1009.121,VALID,4.278,VALID,298.616,INVALID,0.0,
2/6/25 3:06:06 AM,VALID,1009.248,VALID,28.028,VALID,76.683,VALID,827.671,VALID,0.0,VALID,1009.248,VALID,1009.104,VALID,3.39,VALID,315.152,INVALID,0.0,
2/6/25 3:07:06 AM,VALID,1009.237,VALID,28.055,VALID,75.738,VALID,798.977,VALID,0.0,VALID,1009.237,VALID,1009.093,VALID,5.14,VALID,321.71,INVALID,0.0,
2/6/25 3:08:06 AM,VALID,1009.226,VALID,28.084,VALID,74.307,VALID,888.666,VALID,0.0,VALID,1009.226,VALID,1009.082,VALID,2.988,VALID,320.07,INVALID,0.0,
2/6/25 3:09:06 AM,VALID,1009.202,VALID,28.22,VALID,75.216,VALID,792.945,VALID,0.0,VALID,1009.202,VALID,1009.058,VALID,3.303,VALID,279.266,INVALID,0.0,
2/6/25 3:10:06 AM,VALID,1009.209,VALID,28.383,VALID,74.029,VALID,767.472,VALID,0.0,VALID,1009.209,VALID,1009.065,VALID,3.833,VALID,318.215,INVALID,0.0,
2/6/25 3:11:06 AM,VALID,1009.214,VALID,28.254,VALID,72.844,VALID,692.778,VALID,0.0,VALID,1009.214,VALID,1009.07,VALID,4.891,VALID,311.549,INVALID,0.0,
2/6/25 3:12:06 AM,VALID,1009.193,VALID,28.073,VALID,74.246,VALID,310.913,VALID,0.0,VALID,1009.193,VALID,1009.049,VALID,4.364,VALID,317.029,INVALID,0.0,
2/6/25 3:13:06 AM,VALID,1009.172,VALID,27.858,VALID,74.856,VALID,255.926,VALID,0.0,VALID,1009.172,VALID,1009.029,VALID,4.368,VALID,312.385,INVALID,0.0,
2/6/25 3:14:06 AM,VALID,1009.161,VALID,27.743,VALID,75.929,VALID,217.689,VALID,0.0,VALID,1009.161,VALID,1009.017,VALID,3.051,VALID,250.347,INVALID,0.0,
2/6/25 3:15:06 AM,VALID,1009.173,VALID,27.732,VALID,76.839,VALID,210.496,VALID,0.0,VALID,1009.173,VALID,1009.03,VALID,3.56,VALID,324.91,INVALID,0.0,
2/6/25 3:16:06 AM,VALID,1009.133,VALID,27.709,VALID,76.63,VALID,231.536,VALID,0.0,VALID,1009.133,VALID,1008.99,VALID,4.527,VALID,313.282,INVALID,0.0,
2/6/25 3:17:06 AM,VALID,1009.136,VALID,27.626,VALID,76.862,VALID,248.356,VALID,0.0,VALID,1009.136,VALID,1008.992,VALID,2.623,VALID,315.307,INVALID,0.0,
2/6/25 3:18:06 AM,VALID,1009.123,VALID,27.605,VALID,77.726,VALID,248.831,VALID,0.0,VALID,1009.123,VALID,1008.979,VALID,4.062,VALID,309.464,INVALID,0.0,
2/6/25 3:19:06 AM,VALID,1009.128,VALID,27.617,VALID,78.022,VALID,759.659,VALID,0.0,VALID,1009.128,VALID,1008.984,VALID,4.325,VALID,309.513,INVALID,0.0,
2/6/25 3:20:06 AM,VALID,1009.09,VALID,27.72,VALID,77.676,VALID,866.526,VALID,0.0,VALID,1009.09,VALID,1008.946,VALID,3.514,VALID,318.145,INVALID,0.0,
2/6/25 3:21:06 AM,VALID,1009.064,VALID,27.904,VALID,76.555,VALID,860.285,VALID,0.0,VALID,1009.064,VALID,1008.921,VALID,3.872,VALID,306.958,INVALID,0.0,
2/6/25 3:22:06 AM,VALID,1009.062,VALID,28.127,VALID,76.213,VALID,885.446,VALID,0.0,VALID,1009.062,VALID,1008.918,VALID,4.759,VALID,315.437,INVALID,0.0,
2/6/25 3:23:06 AM,VALID,1009.045,VALID,28.126,VALID,74.496,VALID,921.501,VALID,0.0,VALID,1009.045,VALID,1008.901,VALID,5.224,VALID,317.88,INVALID,0.0,
2/6/25 3:24:06 AM,VALID,1009.007,VALID,28.08,VALID,74.413,VALID,829.721,VALID,0.0,VALID,1009.007,VALID,1008.863,VALID,4.787,VALID,302.62,INVALID,0.0,
2/6/25 3:25:06 AM,VALID,1008.975,VALID,28.04,VALID,74.825,VALID,376.171,VALID,0.0,VALID,1008.975,VALID,1008.832,VALID,3.396,VALID,301.238,INVALID,0.0,
2/6/25 3:26:06 AM,VALID,1008.948,VALID,28.076,VALID,76.437,VALID,229.778,VALID,0.0,VALID,1008.948,VALID,1008.804,VALID,4.009,VALID,304.1,INVALID,0.0,
2/6/25 3:27:06 AM,VALID,1008.943,VALID,28.127,VALID,76.864,VALID,510.668,VALID,0.0,VALID,1008.943,VALID,1008.8,VALID,2.533,VALID,275.766,INVALID,0.0,
2/6/25 3:28:06 AM,VALID,1008.921,VALID,28.241,VALID,75.655,VALID,871.233,VALID,0.0,VALID,1008.921,VALID,1008.777,VALID,2.792,VALID,315.401,INVALID,0.0,
2/6/25 3:29:06 AM,VALID,1008.905,VALID,28.383,VALID,75.15,VALID,872.116,VALID,0.0,VALID,1008.905,VALID,1008.761,VALID,3.913,VALID,310.487,INVALID,0.0,
2/6/25 3:30:06 AM,VALID,1008.851,VALID,28.468,VALID,73.999,VALID,984.236,VALID,0.0,VALID,1008.851,VALID,1008.708,VALID,4.45,VALID,301.52,INVALID,0.0,
2/6/25 3:31:06 AM,VALID,1008.841,VALID,28.476,VALID,73.839,VALID,874.54,VALID,0.0,VALID,1008.841,VALID,1008.697,VALID,4.566,VALID,317.601,INVALID,0.0,
2/6/25 3:32:06 AM,VALID,1008.821,VALID,28.521,VALID,74.303,VALID,486.92,VALID,0.0,VALID,1008.821,VALID,1008.678,VALID,2.726,VALID,307.021,INVALID,0.0,
2/6/25 3:33:06 AM,VALID,1008.827,VALID,28.687,VALID,75.224,VALID,428.652,VALID,0.0,VALID,1008.827,VALID,1008.683,VALID,1.998,VALID,318.188,INVALID,0.0,
2/6/25 3:34:06 AM,VALID,1008.836,VALID,28.759,VALID,73.936,VALID,292.77,VALID,0.0,VALID,1008.836,VALID,1008.692,VALID,2.398,VALID,305.31,INVALID,0.0,
2/6/25 3:35:06 AM,VALID,1008.84,VALID,28.754,VALID,73.103,VALID,226.346,VALID,0.0,VALID,1008.84,VALID,1008.697,VALID,2.915,VALID,276.252,INVALID,0.0,
2/6/25 3:36:06 AM,VALID,1008.837,VALID,28.636,VALID,73.215,VALID,167.07,VALID,0.0,VALID,1008.837,VALID,1008.693,VALID,1.982,VALID,326.851,INVALID,0.0,
2/6/25 3:37:06 AM,VALID,1008.801,VALID,28.519,VALID,72.041,VALID,130.882,VALID,0.0,VALID,1008.801,VALID,1008.657,VALID,3.059,VALID,319.545,INVALID,0.0,
2/6/25 3:38:06 AM,VALID,1008.834,VALID,28.331,VALID,72.109,VALID,120.079,VALID,0.0,VALID,1008.834,VALID,1008.691,VALID,2.897,VALID,210.793,INVALID,0.0,
2/6/25 3:39:06 AM,VALID,1008.831,VALID,28.19,VALID,71.814,VALID,127.91,VALID,0.0,VALID,1008.831,VALID,1008.687,VALID,2.279,VALID,285.884,INVALID,0.0,
2/6/25 3:40:06 AM,VALID,1008.867,VALID,28.093,VALID,72.758,VALID,153.518,VALID,0.0,VALID,1008.867,VALID,1008.723,VALID,3.903,VALID,300.049,INVALID,0.0,
2/6/25 3:41:06 AM,VALID,1008.88,VALID,27.988,VALID,73.676,VALID,179.315,VALID,0.0,VALID,1008.88,VALID,1008.737,VALID,3.265,VALID,290.776,INVALID,0.0,
